order,status
ES10000063569200001040001F0D,未使用
ES10000063569320001040001F0D,未使用
ES10000063569440001040001D0D,未使用
ES10000063569560001040001D0D,未使用
ES10000063569690001040001D0D,未使用
ES10000063569710001040001C0D,未使用
ES10000063569830001040001F0D,未使用
ES10000063569950001040001D0D,未使用
ES10000063570020001040001G0D,未使用
ES10000063570140001040001D0D,未使用
ES10000063570260001040001G0D,未使用
ES10000063570390001040001B0D,未使用
ES10000063570410001040001G0D,未使用
ES10000063570530001040001F0D,未使用
ES10000063570650001040001C0D,未使用
ES10000063570780001040001A0D,未使用
ES10000063570800001040001A0D,未使用
ES10000063570920001040001C0D,未使用
ES10000063571060001040001D0D,未使用
ES10000063571190001040001F0D,未使用
ES10000063571210001040001E0D,未使用
ES10000063571330001040001E0D,未使用
ES10000063571450001040001G0D,未使用
ES10000063571580001040001A0D,未使用
ES10000063571600001040001G0D,未使用
ES10000063571720001040001C0D,未使用
ES10000063571840001040001B0D,未使用
ES10000063571960001040001E0D,未使用
ES10000063572010001040001C0D,未使用
ES10000063572130001040001D0D,未使用
ES10000063572250001040001C0D,未使用
ES10000063572380001040001E0D,未使用
ES10000063572400001040001G0D,未使用
ES10000063572520001040001D0D,未使用
ES10000063572640001040001G0D,未使用
ES10000063572760001040001B0D,未使用
ES10000063572890001040001B0D,未使用
ES10000063572910001040001B0D,未使用
ES10000063573050001040001D0D,未使用
ES10000063573180001040001A0D,未使用
ES10000063573200001040001E0D,未使用
ES10000063573320001040001G0D,未使用
ES10000063573440001040001E0D,未使用
ES10000063573560001040001E0D,未使用
ES10000063573690001040001G0D,未使用
ES10000063573710001040001B0D,未使用
ES10000063573830001040001A0D,未使用
ES10000063573950001040001A0D,未使用
ES10000063574000001040001F0D,未使用
ES10000063574120001040001E0D,未使用